{
  "project_info": {
    "project_number": "1018448674992",
    "firebase_url": "https://llamadas-44253.firebaseio.com",
    "project_id": "llamadas-44253",
    "storage_bucket": "llamadas-44253.appspot.com"
  },
  "client": [
    {
      "client_info": {
        "mobilesdk_app_id": "1:1018448674992:android:e95d9788821a39e7",
        "android_client_info": {
          "package_name": "com.example.carlos.registro"
        }
      },
      "oauth_client": [
        {
          "client_id": "1018448674992-fhqgnh5r2uatqmhdpjckjrqsh8m97tl7.apps.googleusercontent.com",
          "client_type": 3
        },
        {
          "client_id": "1018448674992-fhqgnh5r2uatqmhdpjckjrqsh8m97tl7.apps.googleusercontent.com",
          "client_type": 3
        }
      ],
      "api_key": [
        {
          "current_key": "AIzaSyBDPe1ShyTpsbt9POQ3RBLcOzWwTBxZm0Y"
        }
      ],
      "services": {
        "analytics_service": {
          "status": 1
        },
        "appinvite_service": {
          "status": 1,
          "other_platform_oauth_client": []
        },
        "ads_service": {
          "status": 2
        }
      }
    }
  ],
  "configuration_version": "1"
}