{
  "project_info": {
    "project_number": "539100870578",
    "firebase_url": "https://fir-app-e8839.firebaseio.com",
    "project_id": "fir-app-e8839",
    "storage_bucket": "fir-app-e8839.appspot.com"
  },
  "client": [
    {
      "client_info": {
        "mobilesdk_app_id": "1:539100870578:android:076e3096e501919f",
        "android_client_info": {
          "package_name": "com.example.pablo.appfirebaselogin"
        }
      },
      "oauth_client": [
        {
          "client_id": "539100870578-vth6dflg310jo21t6vdgs2vik5k6loi6.apps.googleusercontent.com",
          "client_type": 3
        }
      ],
      "api_key": [
        {
          "current_key": "AIzaSyAAjKntR4M2xQPam8y9dh1VnPj5nX8Da70"
        }
      ],
      "services": {
        "analytics_service": {
          "status": 1
        },
        "appinvite_service": {
          "status": 1,
          "other_platform_oauth_client": []
        },
        "ads_service": {
          "status": 2
        }
      }
    }
  ],
  "configuration_version": "1"
}