{
  "project_info": {
    "project_number": "304091929101",
    "firebase_url": "https://fir-lily.firebaseio.com",
    "project_id": "fir-lily",
    "storage_bucket": "fir-lily.appspot.com"
  },
  "client": [
    {
      "client_info": {
        "mobilesdk_app_id": "1:304091929101:android:d842af33038fad5c",
        "android_client_info": {
          "package_name": "info.androidhive.firebase"
        }
      },
      "oauth_client": [
        {
          "client_id": "304091929101-ht810nqmfoqli3k2f405vimsre1eblmm.apps.googleusercontent.com",
          "client_type": 3
        }
      ],
      "api_key": [
        {
          "current_key": "AIzaSyDo-mVxsRsrt8Ajtm_OBSXkbTWJcTXruHM"
        }
      ],
      "services": {
        "analytics_service": {
          "status": 1
        },
        "appinvite_service": {
          "status": 1,
          "other_platform_oauth_client": []
        },
        "ads_service": {
          "status": 2
        }
      }
    }
  ],
  "configuration_version": "1"
}