{
  "project_info": {
    "project_number": "506861153045",
    "firebase_url": "https://fir-eva-b7017.firebaseio.com",
    "project_id": "fir-eva-b7017",
    "storage_bucket": "fir-eva-b7017.appspot.com"
  },
  "client": [
    {
      "client_info": {
        "mobilesdk_app_id": "1:506861153045:android:0d40e94cf6575290",
        "android_client_info": {
          "package_name": "mx.edu.ittepic.firebase_eva"
        }
      },
      "oauth_client": [
        {
          "client_id": "506861153045-32a4hhnb4fq5n4bntpgc1k7u1jvgbm9b.apps.googleusercontent.com",
          "client_type": 1,
          "android_info": {
            "package_name": "mx.edu.ittepic.firebase_eva",
            "certificate_hash": "884cff811d63423c5e9a26db33749c40c995c2ed"
          }
        },
        {
          "client_id": "506861153045-v6egda2156ivcf5gf4jheich015rtja2.apps.googleusercontent.com",
          "client_type": 3
        }
      ],
      "api_key": [
        {
          "current_key": "AIzaSyDwSyjGXOoOHmhmfsJQ6msxHHQZnwKLjwI"
        }
      ],
      "services": {
        "analytics_service": {
          "status": 1
        },
        "appinvite_service": {
          "status": 2,
          "other_platform_oauth_client": [
            {
              "client_id": "506861153045-v6egda2156ivcf5gf4jheich015rtja2.apps.googleusercontent.com",
              "client_type": 3
            }
          ]
        },
        "ads_service": {
          "status": 2
        }
      }
    }
  ],
  "configuration_version": "1"
}